country,iso_code,year,co2,co2_per_capita
United States,USA,2022,4713.0,14.2
China,CHN,2022,10667.0,7.6
India,IND,2022,2695.0,1.9
Germany,DEU,2022,644.0,7.7
Japan,JPN,2022,1037.0,8.3
Brazil,BRA,2022,466.0,2.2
France,FRA,2022,302.0,4.6
United Kingdom,GBR,2022,332.0,4.9
Russia,RUS,2022,1649.0,11.4
Canada,CAN,2022,546.0,14.3
Australia,AUS,2022,392.0,15.1
South Korea,KOR,2022,599.0,11.6
Italy,ITA,2022,302.0,5.1
Spain,ESP,2022,205.0,4.3
Mexico,MEX,2022,433.0,3.4
South Africa,ZAF,2022,390.0,6.5
Argentina,ARG,2022,169.0,3.7
Indonesia,IDN,2022,615.0,2.2
Saudi Arabia,SAU,2022,579.0,16.2
Turkey,TUR,2022,403.0,4.8
Netherlands,NLD,2022,136.0,7.8
Poland,POL,2022,295.0,7.8
Belgium,BEL,2022,87.0,7.5
Sweden,SWE,2022,34.0,3.2
Norway,NOR,2022,36.0,6.7
Denmark,DNK,2022,26.0,4.4
Switzerland,CHE,2022,34.0,3.9
Austria,AUT,2022,59.0,6.6
Greece,GRC,2022,56.0,5.3
Portugal,PRT,2022,38.0,3.7
Finland,FIN,2022,40.0,7.2
Ireland,IRL,2022,33.0,6.6
Czech Republic,CZE,2022,95.0,9.0
Romania,ROU,2022,70.0,3.6
Hungary,HUN,2022,45.0,4.6
Ukraine,UKR,2022,160.0,3.8
Egypt,EGY,2022,250.0,2.4
Nigeria,NGA,2022,125.0,0.6
Kenya,KEN,2022,22.0,0.4
Thailand,THA,2022,258.0,3.7
Vietnam,VNM,2022,336.0,3.5
Philippines,PHL,2022,142.0,1.3
Malaysia,MYS,2022,272.0,8.2
Singapore,SGP,2022,48.0,8.3
New Zealand,NZL,2022,33.0,6.7
Chile,CHL,2022,89.0,4.6
Colombia,COL,2022,97.0,1.9
Peru,PER,2022,58.0,1.7
Venezuela,VEN,2022,112.0,3.9
Pakistan,PAK,2022,217.0,0.9
Bangladesh,BGD,2022,98.0,0.6
Israel,ISR,2022,65.0,7.0
United Arab Emirates,ARE,2022,199.0,21.0
Iran,IRN,2022,745.0,8.8
Iraq,IRQ,2022,163.0,3.8
Afghanistan,AFG,2022,12.0,0.3

