iso3,name
USA,United States
CHN,China
IND,India
DEU,Germany
JPN,Japan
BRA,Brazil
FRA,France
GBR,United Kingdom
RUS,Russia
CAN,Canada
AUS,Australia
KOR,South Korea
ITA,Italy
ESP,Spain
MEX,Mexico
ZAF,South Africa
ARG,Argentina
IDN,Indonesia
SAU,Saudi Arabia
TUR,Turkey
NLD,Netherlands
POL,Poland
BEL,Belgium
SWE,Sweden
NOR,Norway
DNK,Denmark
CHE,Switzerland
AUT,Austria
GRC,Greece
PRT,Portugal
FIN,Finland
IRL,Ireland
CZE,Czech Republic
ROU,Romania
HUN,Hungary
UKR,Ukraine
EGY,Egypt
NGA,Nigeria
KEN,Kenya
THA,Thailand
VNM,Vietnam
PHL,Philippines
MYS,Malaysia
SGP,Singapore
NZL,New Zealand
CHL,Chile
COL,Colombia
PER,Peru
VEN,Venezuela
PAK,Pakistan
BGD,Bangladesh
ISR,Israel
ARE,United Arab Emirates
IRN,Iran
IRQ,Iraq
AFG,Afghanistan

