iso3,year,renewables_share
USA,2022,21.5
CHN,2022,30.9
IND,2022,24.5
DEU,2022,46.3
JPN,2022,22.9
BRA,2022,84.8
FRA,2022,25.1
GBR,2022,41.4
RUS,2022,19.8
CAN,2022,67.4
AUS,2022,29.5
KOR,2022,7.6
ITA,2022,36.2
ESP,2022,46.7
MEX,2022,29.3
ZAF,2022,12.6
ARG,2022,33.5
IDN,2022,19.2
SAU,2022,0.3
TUR,2022,39.8
NLD,2022,40.2
POL,2022,16.9
BEL,2022,13.7
SWE,2022,65.4
NOR,2022,98.5
DNK,2022,61.8
CHE,2022,68.2
AUT,2022,78.4
GRC,2022,43.6
PRT,2022,58.7
FIN,2022,54.5
IRL,2022,36.2
CZE,2022,17.3
ROU,2022,42.8
HUN,2022,15.2
UKR,2022,12.6
EGY,2022,8.4
NGA,2022,21.8
KEN,2022,88.9
THA,2022,23.4
VNM,2022,47.6
PHL,2022,28.9
MYS,2022,24.7
SGP,2022,4.2
NZL,2022,84.2
CHL,2022,52.8
COL,2022,68.3
PER,2022,58.9
VEN,2022,67.2
PAK,2022,34.1
BGD,2022,2.8
ISR,2022,6.4
ARE,2022,0.5
IRN,2022,6.8
IRQ,2022,2.1
AFG,2022,34.5

