iso3,year,temp_anomaly
USA,2022,1.2
CHN,2022,1.3
IND,2022,1.1
DEU,2022,1.0
JPN,2022,1.4
BRA,2022,0.9
FRA,2022,1.1
GBR,2022,0.8
RUS,2022,1.5
CAN,2022,1.3
AUS,2022,1.1
KOR,2022,1.2
ITA,2022,1.0
ESP,2022,1.2
MEX,2022,0.9
ZAF,2022,0.8
ARG,2022,0.7
IDN,2022,0.8
SAU,2022,1.3
TUR,2022,1.1
NLD,2022,1.0
POL,2022,1.1
BEL,2022,1.0
SWE,2022,1.2
NOR,2022,1.3
DNK,2022,1.0
CHE,2022,1.1
AUT,2022,1.1
GRC,2022,1.2
PRT,2022,1.1
FIN,2022,1.3
IRL,2022,0.9
CZE,2022,1.1
ROU,2022,1.2
HUN,2022,1.2
UKR,2022,1.2
EGY,2022,1.0
NGA,2022,0.9
KEN,2022,0.8
THA,2022,1.0
VNM,2022,1.0
PHL,2022,0.9
MYS,2022,0.9
SGP,2022,1.1
NZL,2022,0.9
CHL,2022,0.8
COL,2022,0.8
PER,2022,0.7
VEN,2022,0.9
PAK,2022,1.2
BGD,2022,1.0
ISR,2022,1.1
ARE,2022,1.3
IRN,2022,1.2
IRQ,2022,1.3
AFG,2022,1.1

